registro_id,evento,puerta,hora,hora_pico,personas_fila,personal_activo,lluvia,porcentaje_boleto_digital,incidencias_scanner,minutos_espera
R0001,Aurora,Oriente,16.93,0,152,5,0,81.1,0,15.8
R0002,Aurora,Poniente,17.04,0,99,2,0,60.6,1,15.9
R0003,Horizonte,Oriente,20.75,0,79,9,0,79.3,0,6.5
R0004,Aurora,Poniente,21.78,0,75,2,0,51.3,0,9.0
R0005,Aurora,Norte,21.63,0,190,5,0,98.0,0,20.5
R0006,Aurora,Oriente,20.05,1,214,10,0,98.0,1,22.4
R0007,Aurora,Oriente,16.66,0,151,8,1,78.9,1,17.9
R0008,Horizonte,Sur,18.25,1,68,3,0,71.5,2,16.6
R0009,Vertigo,Sur,20.06,1,35,6,0,61.0,1,11.9
R0010,Aurora,Poniente,17.26,0,96,4,0,74.0,0,9.5
R0011,Horizonte,Norte,17.67,0,162,10,0,56.4,1,14.7
R0012,Horizonte,Sur,18.11,1,82,7,0,61.1,0,11.9
R0013,Vertigo,Sur,17.2,0,174,5,1,69.8,3,18.8
R0014,Vertigo,Sur,18.9,1,25,2,0,71.5,1,7.8
R0015,Horizonte,Sur,19.55,1,74,7,0,66.2,0,10.8
R0016,Horizonte,Oriente,20.33,1,214,9,1,87.7,1,21.9
R0017,Vertigo,Sur,20.74,0,111,9,0,54.4,1,12.7
R0018,Horizonte,Oriente,18.93,1,91,10,1,50.0,1,13.3
R0019,Horizonte,Norte,17.26,0,165,6,0,83.6,1,14.9
R0020,Horizonte,Sur,17.3,0,20,4,1,62.5,0,10.7
R0021,Vertigo,Oriente,17.99,0,156,7,1,48.1,1,21.6
R0022,Horizonte,Poniente,21.23,0,139,9,0,82.5,0,11.0
R0023,Vertigo,Sur,18.67,1,133,6,0,76.6,1,13.9
R0024,Horizonte,Norte,20.2,1,72,5,0,57.8,0,14.7
R0025,Horizonte,Oriente,20.2,1,217,4,0,79.6,2,25.5
R0026,Horizonte,Sur,19.62,1,192,2,0,74.8,1,21.5
R0027,Vertigo,Norte,19.15,1,131,9,1,66.8,0,17.6
R0028,Aurora,Sur,17.14,0,217,4,0,80.7,0,18.7
R0029,Horizonte,Sur,21.22,0,86,10,1,67.5,0,12.1
R0030,Horizonte,Norte,20.54,0,25,2,0,44.0,1,6.7
R0031,Aurora,Poniente,21.35,0,39,4,0,83.9,0,6.4
R0032,Horizonte,Oriente,17.74,0,135,6,0,59.3,1,13.1
R0033,Vertigo,Poniente,18.93,1,212,10,0,63.2,0,17.2
R0034,Vertigo,Sur,16.75,0,201,3,0,95.5,0,16.9
R0035,Horizonte,Poniente,21.7,0,173,6,1,92.0,1,17.1
R0036,Vertigo,Oriente,18.18,1,195,3,0,78.2,0,21.2
R0037,Horizonte,Sur,21.12,0,93,5,0,65.5,0,10.4
R0038,Horizonte,Sur,18.58,1,71,10,0,72.5,0,9.5
R0039,Horizonte,Oriente,20.96,0,140,7,1,61.7,0,17.8
R0040,Horizonte,Poniente,16.71,0,219,4,0,84.3,0,20.9
R0041,Aurora,Oriente,19.4,1,145,3,0,98.0,0,20.4
R0042,Vertigo,Poniente,21.43,0,132,3,0,75.6,1,12.2
R0043,Horizonte,Sur,18.57,1,173,10,1,98.0,0,20.6
R0044,Aurora,Oriente,19.08,1,216,9,1,68.4,0,24.6
R0045,Vertigo,Poniente,18.54,1,39,10,0,84.3,0,6.4
R0046,Aurora,Poniente,21.36,0,148,8,0,62.3,1,9.9
R0047,Vertigo,Poniente,16.58,0,35,9,1,82.6,2,9.0
R0048,Vertigo,Oriente,19.32,1,27,9,0,91.4,0,11.5
R0049,Horizonte,Oriente,16.61,0,153,4,1,85.4,3,21.5
R0050,Aurora,Poniente,18.21,1,214,3,0,62.5,1,22.6
R0051,Aurora,Norte,21.71,0,128,2,0,81.0,1,16.5
R0052,Aurora,Oriente,16.02,0,209,4,1,98.0,0,24.7
R0053,Horizonte,Sur,20.91,0,185,5,0,69.5,0,17.6
R0054,Horizonte,Norte,17.61,0,84,2,0,65.2,3,14.4
R0055,Horizonte,Oriente,21.22,0,53,4,0,63.4,0,10.1
R0056,Aurora,Poniente,16.03,0,37,10,0,84.8,0,1.6
R0057,Vertigo,Poniente,17.55,0,199,7,0,65.1,1,15.2
R0058,Vertigo,Sur,20.86,0,29,6,0,59.9,0,6.6
R0059,Horizonte,Norte,17.24,0,107,5,0,59.1,2,12.8
R0060,Vertigo,Sur,17.62,0,137,4,0,49.8,0,12.6
R0061,Horizonte,Norte,20.14,1,129,2,1,46.7,1,19.9
R0062,Vertigo,Oriente,18.59,1,182,4,0,48.0,2,22.4
R0063,Horizonte,Oriente,19.71,1,91,6,0,58.5,1,13.5
R0064,Aurora,Poniente,20.67,0,126,10,1,91.0,3,11.8
R0065,Vertigo,Norte,21.64,0,173,4,1,78.5,1,22.9
R0066,Aurora,Sur,21.67,0,180,2,0,98.0,1,15.7
R0067,Vertigo,Poniente,19.89,1,141,9,0,51.3,0,14.8
R0068,Vertigo,Oriente,20.67,0,144,9,0,87.2,0,10.7
R0069,Horizonte,Poniente,16.19,0,161,10,0,58.7,2,12.3
R0070,Aurora,Sur,19.5,1,67,10,0,73.5,2,9.3
R0071,Horizonte,Sur,19.42,1,76,4,0,90.6,0,14.1
R0072,Horizonte,Norte,17.46,0,27,3,0,73.5,1,10.4
R0073,Horizonte,Norte,19.9,1,149,4,0,80.9,1,18.9
R0074,Vertigo,Norte,19.51,1,168,10,0,96.0,1,18.7
R0075,Horizonte,Norte,21.23,0,213,3,0,53.6,2,21.5
R0076,Aurora,Norte,20.58,0,80,5,0,69.1,0,9.3
R0077,Horizonte,Sur,18.05,1,149,6,1,37.0,1,20.6
R0078,Aurora,Norte,21.44,0,109,7,0,95.5,0,13.9
R0079,Horizonte,Poniente,20.1,1,83,10,1,66.8,1,13.1
R0080,Horizonte,Poniente,21.45,0,65,2,0,78.9,1,11.7
R0081,Aurora,Oriente,18.34,1,103,2,0,71.8,1,15.9
R0082,Vertigo,Poniente,19.89,1,133,2,0,78.8,0,15.8
R0083,Horizonte,Norte,16.21,0,186,6,0,65.1,1,19.0
R0084,Horizonte,Norte,16.03,0,154,9,1,89.1,0,13.2
R0085,Horizonte,Sur,20.18,1,116,2,0,71.5,3,17.3
R0086,Horizonte,Sur,20.0,1,67,7,0,63.3,0,9.6
R0087,Vertigo,Poniente,17.55,0,183,5,0,69.6,2,20.4
R0088,Horizonte,Oriente,16.84,0,188,8,0,93.9,1,17.4
R0089,Vertigo,Sur,18.08,1,48,10,0,78.7,1,9.2
R0090,Horizonte,Norte,19.32,1,25,2,0,47.4,2,11.8
R0091,Vertigo,Poniente,17.25,0,211,10,0,59.2,1,15.4
R0092,Vertigo,Poniente,19.93,1,29,3,1,66.4,0,12.7
R0093,Horizonte,Poniente,19.75,1,142,2,1,66.2,1,20.7
R0094,Aurora,Sur,17.65,0,174,3,0,71.7,0,15.1
R0095,Aurora,Oriente,21.23,0,152,9,0,81.9,1,15.7
R0096,Horizonte,Sur,18.75,1,141,4,0,72.4,2,18.9
R0097,Horizonte,Poniente,17.35,0,200,4,0,50.4,2,16.0
R0098,Horizonte,Oriente,20.3,1,201,5,0,69.4,0,21.6
R0099,Horizonte,Sur,17.15,0,114,9,1,82.0,1,12.9
R0100,Vertigo,Oriente,16.05,0,217,6,0,74.8,2,20.8
R0101,Aurora,Norte,21.74,0,147,8,1,80.7,1,16.7
R0102,Aurora,Oriente,16.79,0,137,3,0,73.5,0,13.8
R0103,Horizonte,Poniente,20.88,0,44,4,0,68.1,0,5.7
R0104,Vertigo,Sur,18.45,1,152,9,0,73.3,1,13.9
R0105,Horizonte,Norte,18.98,1,106,8,0,48.2,0,14.1
R0106,Horizonte,Sur,21.41,0,98,5,0,77.9,0,11.0
R0107,Vertigo,Sur,21.54,0,201,8,0,68.3,2,17.1
R0108,Vertigo,Norte,17.32,0,210,7,1,70.9,0,20.3
R0109,Horizonte,Poniente,16.48,0,40,5,0,46.8,3,8.2
R0110,Vertigo,Sur,20.28,1,95,5,0,66.6,0,14.5
R0111,Aurora,Sur,17.29,0,160,7,0,66.7,0,14.6
R0112,Horizonte,Poniente,19.33,1,144,6,0,75.8,1,13.3
R0113,Vertigo,Oriente,20.87,0,84,7,0,51.1,0,8.5
R0114,Vertigo,Oriente,20.97,0,177,8,0,54.2,1,15.7
R0115,Vertigo,Norte,16.45,0,154,9,0,98.0,0,14.8
R0116,Horizonte,Sur,16.09,0,198,3,1,73.5,2,23.7
R0117,Aurora,Poniente,18.28,1,146,6,1,76.4,1,19.4
R0118,Aurora,Norte,21.87,0,177,2,1,38.5,0,24.3
R0119,Vertigo,Norte,16.06,0,147,4,0,66.6,1,12.4
R0120,Aurora,Poniente,21.28,0,155,2,0,77.4,0,18.1
R0121,Horizonte,Norte,21.07,0,193,4,0,72.0,1,22.1
R0122,Aurora,Poniente,21.45,0,125,3,1,90.9,1,14.7
R0123,Horizonte,Poniente,20.05,1,113,4,1,89.5,1,19.2
R0124,Horizonte,Sur,21.35,0,186,4,0,82.1,0,15.9
R0125,Aurora,Sur,17.42,0,71,8,0,76.7,1,7.2
R0126,Horizonte,Sur,19.02,1,148,3,0,83.2,1,17.5
R0127,Horizonte,Sur,18.73,1,192,6,1,51.9,2,25.6
R0128,Vertigo,Norte,19.19,1,108,8,0,58.2,0,13.8
R0129,Vertigo,Poniente,16.96,0,27,4,0,90.3,1,5.4
R0130,Aurora,Poniente,16.51,0,62,6,0,51.5,1,7.4
R0131,Vertigo,Sur,20.95,0,189,6,0,39.1,0,18.0
R0132,Aurora,Sur,17.48,0,193,8,0,98.0,2,18.5
R0133,Aurora,Oriente,18.33,1,93,7,1,83.9,1,14.8
R0134,Aurora,Sur,16.85,0,146,9,1,72.6,1,15.3
R0135,Aurora,Oriente,18.16,1,43,7,0,61.6,0,10.5
R0136,Aurora,Sur,16.0,0,193,4,0,68.4,2,19.5
R0137,Vertigo,Poniente,19.06,1,110,10,0,67.0,0,9.9
R0138,Vertigo,Poniente,21.93,0,146,7,0,80.4,0,12.3
R0139,Aurora,Oriente,18.75,1,182,3,0,68.6,1,23.1
R0140,Aurora,Poniente,21.49,0,168,9,1,61.9,0,13.7
R0141,Aurora,Sur,20.19,1,197,5,0,83.6,0,19.9
R0142,Horizonte,Poniente,17.59,0,31,2,0,72.1,1,6.3
R0143,Vertigo,Poniente,19.81,1,190,8,0,88.4,0,16.4
R0144,Aurora,Sur,21.27,0,55,6,1,73.2,4,15.4
R0145,Horizonte,Oriente,21.53,0,172,8,1,69.4,1,21.3
R0146,Vertigo,Poniente,19.89,1,206,2,0,76.6,1,23.1
R0147,Horizonte,Norte,17.4,0,122,4,1,81.8,1,16.8
R0148,Aurora,Norte,16.58,0,127,7,1,84.6,1,17.9
R0149,Aurora,Poniente,17.98,0,130,8,0,85.0,0,11.7
R0150,Vertigo,Sur,17.18,0,168,2,0,68.1,0,16.2
R0151,Vertigo,Oriente,21.14,0,54,6,1,61.3,0,13.4
R0152,Vertigo,Sur,17.68,0,171,10,0,89.3,0,15.2
R0153,Vertigo,Sur,18.49,1,140,8,0,58.4,0,15.5
R0154,Vertigo,Oriente,18.63,1,164,4,0,71.6,0,20.0
R0155,Aurora,Sur,19.63,1,77,10,0,87.4,1,10.5
R0156,Vertigo,Oriente,20.98,0,114,9,0,48.5,0,8.4
R0157,Vertigo,Sur,20.33,1,144,5,0,92.3,1,17.5
R0158,Aurora,Sur,21.95,0,126,6,0,64.5,0,12.5
R0159,Horizonte,Oriente,18.6,1,190,2,0,61.1,1,22.1
R0160,Vertigo,Poniente,19.79,1,181,5,0,77.7,1,20.0
R0161,Horizonte,Poniente,19.76,1,59,2,0,72.9,1,11.8
R0162,Aurora,Oriente,21.88,0,126,2,0,92.8,0,13.1
R0163,Vertigo,Oriente,20.56,0,44,3,0,72.2,0,7.7
R0164,Horizonte,Oriente,16.85,0,52,3,0,81.8,1,12.4
R0165,Horizonte,Oriente,18.47,1,115,2,1,77.9,2,23.1
R0166,Horizonte,Poniente,21.93,0,130,10,0,88.0,1,9.0
R0167,Horizonte,Oriente,20.02,1,53,10,0,62.7,0,5.0
R0168,Vertigo,Poniente,20.12,1,41,8,0,73.2,2,6.2
R0169,Vertigo,Oriente,16.63,0,191,5,0,64.2,2,20.4
R0170,Horizonte,Poniente,19.92,1,205,2,0,63.5,1,23.0
R0171,Aurora,Norte,16.21,0,213,8,0,93.1,0,16.0
R0172,Aurora,Norte,16.07,0,197,4,0,70.5,1,20.7
R0173,Vertigo,Oriente,16.4,0,42,9,0,82.0,0,4.6
R0174,Vertigo,Poniente,16.58,0,29,4,0,71.8,0,6.1
R0175,Horizonte,Oriente,16.03,0,71,5,0,56.6,1,8.3
R0176,Vertigo,Poniente,20.12,1,20,6,0,73.6,0,11.6
R0177,Aurora,Norte,19.64,1,157,2,0,80.3,1,20.9
R0178,Aurora,Poniente,17.69,0,170,8,1,57.3,0,14.9
R0179,Aurora,Oriente,20.73,0,55,6,1,72.3,0,10.1
R0180,Horizonte,Sur,17.57,0,122,10,0,87.5,0,11.5
R0181,Horizonte,Sur,17.74,0,138,5,0,68.8,0,11.6
R0182,Vertigo,Norte,18.74,1,164,10,0,57.8,2,19.5
R0183,Horizonte,Poniente,18.76,1,113,6,0,59.6,1,16.7
R0184,Horizonte,Norte,19.98,1,211,4,0,81.8,1,23.3
R0185,Aurora,Oriente,17.14,0,103,6,0,69.3,1,9.6
R0186,Horizonte,Oriente,17.2,0,134,6,0,71.5,1,14.5
R0187,Vertigo,Sur,17.32,0,109,4,0,61.6,0,8.9
R0188,Vertigo,Oriente,17.39,0,131,2,0,85.4,1,14.7
R0189,Vertigo,Poniente,20.78,0,62,9,1,62.1,3,10.2
R0190,Vertigo,Sur,18.93,1,156,4,0,82.8,3,21.5
R0191,Horizonte,Norte,18.24,1,129,7,0,66.9,1,13.9
R0192,Horizonte,Oriente,20.97,0,131,7,0,91.9,0,10.7
R0193,Horizonte,Norte,17.87,0,87,3,1,62.3,1,14.0
R0194,Horizonte,Oriente,18.39,1,153,3,0,66.0,0,17.8
R0195,Horizonte,Oriente,18.4,1,198,5,0,80.2,5,26.2
R0196,Vertigo,Norte,21.86,0,166,3,0,85.5,0,18.1
R0197,Aurora,Oriente,20.87,0,46,9,0,69.0,0,5.2
R0198,Aurora,Norte,18.23,1,204,7,0,59.7,0,22.2
R0199,Vertigo,Oriente,19.93,1,199,5,0,68.0,1,24.1
R0200,Aurora,Poniente,18.86,1,197,8,0,83.8,0,16.3
R0201,Vertigo,Oriente,19.77,1,70,4,0,71.5,0,12.2
R0202,Aurora,Norte,21.55,0,99,2,0,67.3,2,16.2
R0203,Vertigo,Poniente,17.78,0,97,5,0,76.8,0,9.3
R0204,Vertigo,Oriente,16.29,0,95,3,0,67.5,0,8.7
R0205,Horizonte,Poniente,18.82,1,210,2,0,56.2,0,24.1
R0206,Vertigo,Norte,17.74,0,175,5,0,84.5,1,16.2
R0207,Horizonte,Sur,20.65,0,79,5,1,98.0,0,9.1
R0208,Horizonte,Oriente,18.54,1,58,4,1,71.6,0,14.7
R0209,Vertigo,Oriente,17.01,0,154,9,0,68.9,1,10.5
R0210,Vertigo,Poniente,16.85,0,66,10,0,86.0,0,4.4
R0211,Horizonte,Oriente,21.52,0,27,3,0,83.9,0,7.1
R0212,Aurora,Norte,18.21,1,187,5,0,83.7,0,20.8
R0213,Aurora,Sur,16.55,0,76,8,0,85.8,0,6.5
R0214,Aurora,Poniente,21.9,0,132,7,0,69.2,1,9.3
R0215,Vertigo,Poniente,19.26,1,128,9,0,84.1,0,12.5
R0216,Vertigo,Sur,16.08,0,171,7,1,78.0,1,20.6
R0217,Aurora,Sur,16.26,0,133,5,0,52.3,3,17.5
R0218,Vertigo,Sur,19.29,1,45,5,0,78.8,1,6.9
R0219,Horizonte,Oriente,19.12,1,185,8,1,62.3,0,22.9
R0220,Horizonte,Oriente,16.11,0,176,5,0,79.9,0,16.4
R0221,Horizonte,Sur,18.16,1,71,7,0,42.2,0,10.6
R0222,Horizonte,Norte,19.48,1,156,5,0,54.4,0,19.5
R0223,Horizonte,Norte,18.44,1,37,6,0,77.5,1,11.5
R0224,Vertigo,Poniente,16.94,0,32,10,1,73.3,2,5.8
R0225,Horizonte,Norte,17.3,0,68,8,0,61.8,1,7.6
R0226,Vertigo,Oriente,21.69,0,168,5,0,76.2,1,16.5
R0227,Aurora,Norte,16.77,0,176,10,0,68.9,0,15.5
R0228,Aurora,Oriente,18.83,1,134,5,0,71.5,0,15.7
R0229,Horizonte,Norte,21.14,0,153,4,0,72.6,0,11.7
R0230,Horizonte,Norte,20.11,1,67,10,0,66.7,1,9.5
R0231,Vertigo,Sur,20.97,0,186,3,0,79.8,1,18.8
R0232,Aurora,Oriente,19.57,1,137,8,1,68.9,3,17.9
R0233,Aurora,Sur,17.87,0,219,10,1,79.3,1,22.1
R0234,Horizonte,Norte,16.73,0,98,9,0,84.6,0,8.3
R0235,Vertigo,Oriente,20.24,1,54,8,0,51.9,2,9.3
R0236,Horizonte,Sur,19.38,1,171,9,0,58.7,0,18.1
R0237,Aurora,Sur,19.22,1,72,5,0,91.1,2,10.5
R0238,Horizonte,Norte,21.06,0,27,5,0,67.3,1,8.1
R0239,Horizonte,Sur,20.78,0,47,9,0,43.6,0,3.4
R0240,Vertigo,Sur,19.5,1,87,10,0,70.2,0,11.0
R0241,Aurora,Norte,21.06,0,119,4,1,64.1,0,15.7
R0242,Horizonte,Sur,18.22,1,44,7,0,75.1,1,9.3
R0243,Vertigo,Sur,19.06,1,70,5,0,58.5,0,11.7
R0244,Horizonte,Oriente,16.15,0,136,5,1,55.4,1,18.8
R0245,Vertigo,Poniente,21.2,0,21,5,0,54.3,2,6.4
R0246,Vertigo,Norte,20.82,0,195,7,0,82.5,0,15.5
R0247,Horizonte,Oriente,19.68,1,188,7,0,72.3,1,18.4
R0248,Horizonte,Norte,17.57,0,205,8,0,75.2,1,18.7
R0249,Vertigo,Poniente,17.43,0,101,10,0,64.5,0,7.2
R0250,Horizonte,Poniente,18.94,1,34,6,0,77.5,2,6.9
R0251,Horizonte,Sur,19.44,1,53,5,0,85.3,1,11.7
R0252,Aurora,Norte,20.73,0,61,7,0,64.7,1,6.4
R0253,Aurora,Oriente,20.93,0,115,10,0,93.4,1,9.8
R0254,Aurora,Norte,21.87,0,39,7,0,57.3,1,6.6
R0255,Horizonte,Sur,20.0,1,21,4,0,67.8,1,9.3
R0256,Vertigo,Norte,20.84,0,189,8,0,60.8,0,18.6
R0257,Aurora,Poniente,17.14,0,159,8,0,75.5,2,9.4
R0258,Aurora,Oriente,20.56,0,161,10,0,43.1,2,13.8
R0259,Horizonte,Oriente,17.59,0,173,8,0,98.0,0,13.4
R0260,Horizonte,Sur,19.61,1,50,6,0,70.0,2,12.5
R0261,Horizonte,Sur,18.52,1,102,5,1,72.5,0,16.9
R0262,Vertigo,Sur,17.98,0,55,2,0,75.0,0,12.1
R0263,Aurora,Oriente,20.58,0,36,4,0,62.6,6,10.8
R0264,Vertigo,Sur,21.27,0,111,9,1,98.0,2,13.0
R0265,Vertigo,Norte,21.68,0,20,7,0,77.2,1,7.0
R0266,Vertigo,Oriente,21.12,0,90,4,0,60.9,1,9.7
R0267,Horizonte,Sur,20.64,0,88,10,0,66.7,1,5.1
R0268,Horizonte,Sur,16.24,0,188,7,0,98.0,0,14.5
R0269,Vertigo,Oriente,16.48,0,109,10,1,83.7,1,11.0
R0270,Horizonte,Poniente,18.7,1,134,3,0,97.7,0,13.6
R0271,Horizonte,Oriente,18.91,1,122,7,0,71.5,1,15.8
R0272,Vertigo,Poniente,21.87,0,155,7,0,50.2,0,15.4
R0273,Vertigo,Oriente,16.67,0,168,2,1,65.5,1,19.9
R0274,Aurora,Sur,19.65,1,175,5,0,73.2,0,22.8
R0275,Aurora,Oriente,17.98,0,86,3,0,67.5,0,9.9
R0276,Aurora,Norte,18.29,1,109,8,1,38.7,1,20.5
R0277,Horizonte,Oriente,17.65,0,180,9,0,91.1,1,15.8
R0278,Aurora,Sur,17.25,0,187,7,0,70.9,1,16.6
R0279,Vertigo,Oriente,19.59,1,136,2,0,94.7,1,18.9
R0280,Aurora,Oriente,18.63,1,216,3,0,47.4,0,26.0
R0281,Vertigo,Oriente,16.8,0,114,5,0,75.1,0,14.8
R0282,Vertigo,Sur,17.89,0,155,2,0,50.9,0,17.2
R0283,Horizonte,Norte,21.01,0,210,7,1,65.5,1,19.6
R0284,Horizonte,Poniente,16.61,0,30,2,0,63.1,2,5.7
R0285,Horizonte,Norte,21.28,0,160,8,0,85.8,2,14.6
R0286,Vertigo,Sur,17.62,0,90,4,1,78.6,2,16.2
R0287,Vertigo,Norte,16.93,0,124,9,0,56.8,0,10.8
R0288,Horizonte,Sur,18.6,1,58,5,0,82.9,0,13.0
R0289,Vertigo,Norte,19.92,1,74,10,1,64.0,2,16.2
R0290,Aurora,Sur,18.5,1,22,5,0,71.2,2,9.6
R0291,Vertigo,Norte,16.06,0,143,7,1,49.5,0,15.1
R0292,Horizonte,Norte,17.62,0,74,6,0,72.7,1,13.2
R0293,Vertigo,Sur,19.34,1,117,9,0,59.3,0,12.7
R0294,Horizonte,Oriente,21.96,0,99,4,1,66.6,0,13.2
R0295,Horizonte,Norte,17.78,0,216,8,0,88.4,1,18.8
R0296,Vertigo,Norte,17.18,0,194,6,0,74.5,0,17.0
R0297,Aurora,Sur,16.35,0,60,7,0,63.4,2,6.6
R0298,Aurora,Norte,19.31,1,199,10,1,98.0,0,21.4
R0299,Vertigo,Oriente,17.4,0,158,7,0,66.0,1,15.9
R0300,Vertigo,Oriente,16.31,0,82,5,0,64.7,0,8.7
R0301,Vertigo,Oriente,16.33,0,134,9,0,75.5,2,11.5
R0302,Horizonte,Poniente,18.7,1,120,2,1,97.0,1,23.1
R0303,Aurora,Norte,18.26,1,119,4,0,59.8,1,14.8
R0304,Vertigo,Oriente,20.79,0,104,4,0,86.9,0,11.8
R0305,Horizonte,Poniente,21.3,0,166,5,0,82.0,1,11.7
R0306,Vertigo,Poniente,20.93,0,109,5,0,80.0,1,12.5
R0307,Aurora,Poniente,19.84,1,141,9,0,82.3,1,18.0
R0308,Aurora,Poniente,21.41,0,189,10,0,76.4,0,11.5
R0309,Aurora,Norte,21.08,0,188,3,1,57.2,3,24.5
R0310,Vertigo,Norte,20.05,1,189,4,0,51.4,1,22.3
R0311,Horizonte,Poniente,16.28,0,70,5,0,36.7,0,7.2
R0312,Aurora,Oriente,18.28,1,81,6,0,50.8,1,12.3
R0313,Horizonte,Oriente,17.38,0,201,6,1,77.9,2,24.0
R0314,Aurora,Norte,21.08,0,114,7,0,39.6,0,13.3
R0315,Horizonte,Sur,17.62,0,83,9,0,84.4,3,11.4
R0316,Aurora,Sur,16.73,0,150,6,0,97.8,0,13.2
R0317,Aurora,Norte,17.36,0,130,9,0,88.9,2,13.4
R0318,Aurora,Oriente,17.82,0,20,7,0,60.0,0,1.6
R0319,Aurora,Oriente,16.01,0,157,9,0,84.9,0,10.8
R0320,Vertigo,Norte,19.25,1,119,3,0,91.3,1,15.9
R0321,Horizonte,Norte,17.03,0,93,7,0,63.4,2,12.3
R0322,Horizonte,Poniente,20.93,0,210,6,0,52.0,0,18.7
R0323,Aurora,Norte,18.75,1,109,4,0,79.4,2,16.3
R0324,Vertigo,Norte,20.0,1,121,8,1,87.6,1,21.9
R0325,Horizonte,Poniente,20.65,0,203,8,0,92.4,0,14.7
R0326,Horizonte,Sur,19.31,1,39,3,1,52.4,2,16.2
R0327,Vertigo,Oriente,17.66,0,77,2,0,75.5,0,9.3
R0328,Vertigo,Norte,20.43,1,70,5,0,65.7,0,14.2
R0329,Vertigo,Sur,19.76,1,190,8,0,62.2,2,18.6
R0330,Vertigo,Sur,19.58,1,216,8,0,88.7,1,23.6
R0331,Aurora,Oriente,20.37,1,118,7,0,72.4,3,15.6
R0332,Horizonte,Norte,18.75,1,95,5,0,63.6,1,15.8
R0333,Aurora,Sur,17.38,0,150,9,0,69.0,0,13.6
R0334,Vertigo,Sur,21.56,0,62,3,0,77.6,1,8.6
R0335,Aurora,Oriente,20.18,1,150,10,0,79.4,1,14.7
R0336,Horizonte,Oriente,17.46,0,211,9,1,46.1,0,20.4
R0337,Vertigo,Sur,21.09,0,72,9,0,82.6,1,7.8
R0338,Vertigo,Poniente,18.34,1,174,3,0,67.2,1,22.0
R0339,Vertigo,Sur,20.23,1,26,3,1,85.0,0,13.3
R0340,Aurora,Poniente,19.34,1,23,7,0,85.1,0,8.0
R0341,Vertigo,Oriente,21.88,0,92,7,0,65.3,1,7.1
R0342,Aurora,Oriente,19.53,1,131,5,0,66.2,1,18.7
R0343,Aurora,Norte,18.45,1,100,5,0,56.1,1,16.7
R0344,Horizonte,Oriente,18.4,1,82,2,0,77.2,2,18.1
R0345,Aurora,Oriente,16.56,0,115,3,0,68.4,3,16.6
R0346,Aurora,Poniente,19.86,1,187,7,0,65.0,2,17.4
R0347,Horizonte,Sur,21.12,0,190,3,0,71.4,0,16.6
R0348,Vertigo,Sur,20.61,0,80,9,1,56.0,0,8.5
R0349,Horizonte,Norte,21.91,0,193,8,0,67.1,0,16.5
R0350,Vertigo,Poniente,16.29,0,63,2,0,73.5,0,9.2
R0351,Horizonte,Sur,16.59,0,213,10,0,84.6,1,16.6
R0352,Vertigo,Oriente,18.89,1,116,3,1,77.5,0,19.9
R0353,Vertigo,Oriente,17.27,0,157,7,0,62.5,0,11.7
R0354,Vertigo,Oriente,21.53,0,215,2,0,98.0,1,21.2
R0355,Horizonte,Oriente,21.46,0,113,6,0,67.6,1,13.9
R0356,Horizonte,Poniente,21.95,0,179,9,1,89.6,2,19.6
R0357,Aurora,Poniente,20.56,0,64,9,0,78.3,1,6.8
R0358,Horizonte,Norte,20.16,1,100,6,0,83.2,3,18.8
R0359,Horizonte,Sur,18.29,1,127,10,0,98.0,1,13.7
R0360,Horizonte,Poniente,21.93,0,47,10,0,86.6,1,3.5
R0361,Aurora,Norte,20.39,1,177,4,0,73.0,1,21.2
R0362,Aurora,Oriente,19.26,1,48,5,0,89.0,1,9.1
R0363,Vertigo,Poniente,20.05,1,202,8,0,79.2,0,19.9
R0364,Vertigo,Sur,16.59,0,77,4,0,72.8,0,5.8
R0365,Aurora,Norte,19.38,1,107,10,0,62.8,1,11.2
R0366,Aurora,Sur,20.48,1,96,3,0,67.1,1,13.8
R0367,Aurora,Sur,21.76,0,29,8,0,98.0,0,1.2
R0368,Horizonte,Norte,18.41,1,175,7,0,84.1,0,17.3
R0369,Horizonte,Oriente,19.51,1,177,2,0,90.2,0,21.5
R0370,Aurora,Sur,17.72,0,129,9,0,92.4,2,14.9
R0371,Horizonte,Poniente,18.62,1,188,5,0,86.6,0,19.3
R0372,Vertigo,Norte,21.88,0,191,8,0,70.1,3,17.7
R0373,Aurora,Norte,18.71,1,27,8,0,58.2,0,5.5
R0374,Horizonte,Norte,17.39,0,204,9,0,59.8,3,20.8
R0375,Aurora,Poniente,17.49,0,149,6,0,91.3,0,12.3
R0376,Vertigo,Oriente,18.0,0,66,6,1,66.5,1,14.6
R0377,Vertigo,Norte,20.18,1,22,10,0,86.2,1,7.0
R0378,Vertigo,Poniente,16.1,0,60,6,0,74.4,1,8.7
R0379,Aurora,Sur,16.07,0,124,10,0,62.1,0,9.5
R0380,Horizonte,Poniente,19.09,1,200,6,0,47.4,0,18.1
R0381,Aurora,Oriente,18.44,1,37,7,1,82.5,0,10.0
R0382,Aurora,Poniente,19.06,1,39,8,0,72.9,1,5.3
R0383,Horizonte,Poniente,16.25,0,59,10,0,89.0,2,4.0
R0384,Aurora,Sur,16.7,0,125,8,1,93.2,0,13.9
R0385,Aurora,Sur,18.28,1,212,7,0,44.9,2,24.8
R0386,Vertigo,Oriente,19.95,1,58,9,0,63.2,0,8.2
R0387,Vertigo,Oriente,18.2,1,166,4,0,76.4,1,22.3
R0388,Vertigo,Norte,16.83,0,111,2,0,80.0,0,14.0
R0389,Horizonte,Sur,20.26,1,182,4,0,75.5,1,17.3
R0390,Vertigo,Oriente,17.21,0,154,9,0,91.0,2,15.5
R0391,Vertigo,Poniente,20.76,0,40,3,0,50.2,0,4.5
R0392,Horizonte,Norte,17.49,0,67,3,0,58.5,1,11.2
R0393,Aurora,Poniente,21.58,0,183,5,0,73.1,1,15.9
R0394,Horizonte,Norte,20.3,1,218,8,0,56.6,0,20.0
R0395,Vertigo,Sur,17.43,0,32,9,1,51.0,0,9.6
R0396,Aurora,Sur,21.43,0,146,6,0,78.6,2,17.7
R0397,Vertigo,Poniente,19.28,1,89,4,0,62.1,0,10.5
R0398,Vertigo,Norte,20.4,1,26,9,1,91.7,0,9.4
R0399,Horizonte,Sur,19.27,1,219,7,0,78.9,0,21.1
R0400,Vertigo,Poniente,17.32,0,112,10,1,65.8,0,12.8
R0401,Horizonte,Norte,20.25,1,163,4,0,60.5,0,21.0
R0402,Horizonte,Sur,17.36,0,167,4,0,66.2,0,13.7
R0403,Horizonte,Norte,18.96,1,130,6,0,49.7,2,14.6
R0404,Horizonte,Norte,21.85,0,76,3,0,86.3,0,9.1
R0405,Aurora,Oriente,21.65,0,93,5,1,69.1,2,13.1
R0406,Aurora,Sur,21.66,0,151,7,0,63.2,0,14.9
R0407,Aurora,Poniente,18.37,1,192,10,0,72.2,0,16.1
R0408,Vertigo,Poniente,16.98,0,206,3,0,74.4,0,16.3
R0409,Vertigo,Oriente,20.01,1,62,2,1,65.0,2,16.0
R0410,Aurora,Poniente,19.05,1,155,4,0,65.9,0,17.8
R0411,Horizonte,Norte,18.2,1,155,2,0,85.3,1,19.6
R0412,Horizonte,Oriente,21.28,0,163,6,0,98.0,2,16.1
R0413,Vertigo,Norte,16.49,0,127,8,0,59.0,2,11.0
R0414,Aurora,Norte,16.35,0,165,9,0,70.4,1,13.1
R0415,Horizonte,Norte,19.63,1,144,3,0,67.4,1,19.5
R0416,Vertigo,Oriente,16.01,0,26,3,0,84.4,1,7.3
R0417,Horizonte,Sur,18.66,1,37,10,0,96.2,1,8.3
R0418,Aurora,Norte,19.84,1,110,4,0,49.0,1,18.3
R0419,Horizonte,Oriente,21.9,0,79,8,1,49.5,1,9.9
R0420,Aurora,Oriente,21.07,0,144,3,1,80.5,2,18.8
R0421,Aurora,Norte,18.6,1,181,10,0,79.2,0,17.5
R0422,Horizonte,Poniente,17.39,0,147,2,0,55.1,1,18.7
R0423,Vertigo,Norte,19.11,1,88,2,0,77.2,1,16.9
R0424,Vertigo,Sur,16.39,0,191,8,1,60.3,2,22.8
R0425,Vertigo,Norte,17.39,0,204,3,0,70.6,1,22.7
R0426,Horizonte,Norte,21.55,0,106,9,1,76.0,0,11.5
R0427,Aurora,Poniente,18.13,1,144,9,0,82.3,0,13.4
R0428,Horizonte,Norte,17.7,0,177,6,0,98.0,0,15.0
R0429,Vertigo,Norte,19.95,1,113,6,0,72.7,0,15.1
R0430,Vertigo,Oriente,18.15,1,213,10,0,83.5,2,22.9
R0431,Vertigo,Poniente,21.66,0,95,7,0,47.3,1,8.3
R0432,Aurora,Poniente,20.28,1,60,9,0,79.0,0,6.7
R0433,Vertigo,Sur,20.14,1,89,6,1,30.2,2,17.8
R0434,Vertigo,Norte,16.52,0,47,2,0,81.1,0,8.2
R0435,Horizonte,Oriente,20.89,0,45,9,1,88.8,1,9.2
R0436,Aurora,Norte,16.73,0,155,3,0,37.4,1,16.9
R0437,Vertigo,Sur,19.34,1,211,3,0,80.4,0,23.5
R0438,Vertigo,Sur,17.27,0,67,6,0,61.7,2,8.7
R0439,Horizonte,Oriente,20.55,0,185,2,0,85.6,1,22.2
R0440,Vertigo,Norte,16.55,0,29,3,1,83.2,0,12.6
R0441,Aurora,Norte,19.9,1,169,10,0,81.7,2,16.4
R0442,Vertigo,Oriente,16.11,0,70,2,0,44.6,0,9.8
R0443,Aurora,Sur,16.41,0,164,6,0,58.7,1,15.2
R0444,Aurora,Poniente,20.37,1,91,8,0,74.0,0,9.4
R0445,Vertigo,Poniente,18.62,1,204,3,0,47.0,3,23.8
R0446,Aurora,Poniente,18.58,1,51,4,0,58.5,1,9.7
R0447,Aurora,Sur,20.93,0,30,7,0,76.2,0,1.2
R0448,Horizonte,Oriente,16.03,0,173,4,0,87.8,2,16.6
R0449,Horizonte,Poniente,21.48,0,57,3,1,64.3,2,9.5
R0450,Vertigo,Poniente,19.92,1,157,10,0,78.0,0,13.8
R0451,Vertigo,Norte,18.54,1,51,10,0,86.6,2,8.8
R0452,Horizonte,Poniente,16.18,0,182,10,0,83.3,0,12.6
R0453,Vertigo,Norte,17.78,0,126,8,0,70.9,0,11.7
R0454,Aurora,Sur,21.69,0,213,6,1,76.7,1,22.7
R0455,Aurora,Sur,19.71,1,105,10,0,77.9,2,13.6
R0456,Horizonte,Oriente,20.75,0,218,9,0,69.0,0,13.5
R0457,Vertigo,Norte,20.84,0,214,10,0,43.7,0,16.5
R0458,Vertigo,Norte,18.76,1,214,5,0,46.5,1,24.2
R0459,Aurora,Sur,21.44,0,54,2,1,51.4,2,14.6
R0460,Vertigo,Norte,20.41,1,108,7,0,83.9,2,14.5
R0461,Vertigo,Sur,17.43,0,61,3,0,89.9,0,10.6
R0462,Vertigo,Norte,19.2,1,39,5,0,58.0,0,8.1
R0463,Aurora,Oriente,21.97,0,125,10,0,70.3,2,14.0
R0464,Vertigo,Sur,21.86,0,91,10,0,46.7,0,7.1
R0465,Aurora,Oriente,21.73,0,62,6,0,74.1,2,11.7
R0466,Aurora,Oriente,21.56,0,194,3,0,71.2,0,18.2
R0467,Horizonte,Sur,20.91,0,68,9,0,55.4,0,7.3
R0468,Vertigo,Sur,18.47,1,152,9,1,91.7,0,18.4
R0469,Aurora,Norte,20.67,0,185,3,0,77.0,0,16.2
R0470,Vertigo,Oriente,21.15,0,29,7,0,52.0,1,9.4
R0471,Horizonte,Sur,19.61,1,135,6,0,63.6,0,17.0
R0472,Vertigo,Norte,20.22,1,20,4,1,66.1,0,13.6
R0473,Horizonte,Oriente,16.31,0,197,6,0,68.4,1,17.4
R0474,Horizonte,Norte,20.8,0,78,4,0,79.9,0,11.4
R0475,Vertigo,Oriente,19.21,1,48,10,0,93.4,2,8.1
R0476,Horizonte,Oriente,21.3,0,77,9,0,49.6,0,7.2
R0477,Horizonte,Norte,16.89,0,100,9,0,83.0,2,12.0
R0478,Aurora,Norte,21.21,0,175,3,0,61.3,0,18.3
R0479,Vertigo,Norte,18.34,1,193,9,0,82.3,1,20.6
R0480,Aurora,Sur,19.42,1,165,6,1,80.4,0,19.6
R0481,Vertigo,Oriente,19.26,1,24,2,1,70.5,0,12.1
R0482,Vertigo,Oriente,17.93,0,47,3,0,63.3,1,7.3
R0483,Horizonte,Oriente,21.35,0,188,5,0,68.6,0,17.4
R0484,Horizonte,Norte,17.8,0,199,7,0,54.2,0,17.2
R0485,Vertigo,Poniente,19.15,1,108,7,1,98.0,1,17.6
R0486,Aurora,Oriente,18.07,1,105,6,0,69.2,1,13.2
R0487,Aurora,Oriente,20.17,1,21,4,1,70.2,2,12.8
R0488,Vertigo,Sur,18.25,1,206,3,0,69.8,0,22.2
R0489,Aurora,Sur,18.53,1,116,10,0,87.4,2,11.6
R0490,Vertigo,Sur,16.38,0,159,10,0,92.7,1,13.2
R0491,Vertigo,Sur,19.3,1,105,7,0,76.3,0,11.0
R0492,Vertigo,Sur,18.17,1,165,5,1,67.7,1,23.2
R0493,Aurora,Sur,19.87,1,155,10,1,70.2,1,18.0
R0494,Aurora,Poniente,19.43,1,211,6,1,96.8,2,25.9
R0495,Aurora,Sur,18.51,1,79,3,1,62.8,0,17.4
R0496,Vertigo,Norte,21.31,0,27,7,0,92.2,1,6.2
R0497,Aurora,Oriente,16.01,0,92,6,0,69.2,0,10.1
R0498,Horizonte,Poniente,17.54,0,52,3,0,82.2,1,6.8
R0499,Horizonte,Norte,18.05,1,106,6,1,75.7,1,20.1
R0500,Horizonte,Norte,19.18,1,56,4,0,67.6,0,11.2
R0501,Aurora,Poniente,16.66,0,200,2,0,69.2,0,21.6
R0502,Vertigo,Poniente,19.53,1,86,7,0,63.1,0,9.6
R0503,Horizonte,Oriente,21.39,0,198,7,0,98.0,2,18.8
R0504,Vertigo,Sur,21.76,0,185,3,0,55.6,0,16.7
R0505,Horizonte,Sur,18.32,1,138,6,0,67.7,0,15.4
R0506,Aurora,Oriente,20.85,0,211,8,1,44.2,4,21.9
R0507,Vertigo,Norte,18.37,1,211,8,0,51.4,0,24.1
R0508,Vertigo,Norte,17.75,0,46,5,0,79.2,0,6.0
R0509,Aurora,Oriente,17.24,0,198,6,1,92.3,1,21.2
R0510,Horizonte,Sur,20.18,1,215,7,0,69.0,3,22.4
R0511,Aurora,Sur,17.46,0,162,10,1,68.6,1,14.8
R0512,Vertigo,Poniente,21.92,0,145,7,0,65.1,0,11.3
R0513,Vertigo,Poniente,21.2,0,206,9,1,79.2,1,18.5
R0514,Horizonte,Norte,19.38,1,191,6,0,85.5,3,23.6
R0515,Aurora,Norte,17.49,0,40,10,0,72.0,1,5.9
R0516,Vertigo,Oriente,18.01,1,110,9,0,83.3,0,10.5
R0517,Aurora,Norte,17.85,0,114,3,0,70.6,0,16.7
R0518,Horizonte,Norte,21.65,0,113,3,0,70.3,1,19.3
R0519,Vertigo,Norte,20.34,1,99,3,1,77.5,1,20.3
R0520,Vertigo,Norte,16.63,0,83,5,1,63.3,1,15.1
R0521,Horizonte,Poniente,17.7,0,164,3,0,56.1,1,15.2
R0522,Horizonte,Oriente,17.32,0,56,9,0,56.6,1,8.8
R0523,Vertigo,Sur,21.56,0,56,6,0,41.1,1,9.4
R0524,Aurora,Sur,21.06,0,90,10,0,96.4,1,8.4
R0525,Vertigo,Sur,21.51,0,74,5,0,65.4,1,10.3
R0526,Horizonte,Norte,19.07,1,65,5,0,51.3,1,11.7
R0527,Horizonte,Norte,16.84,0,53,10,0,84.9,0,6.7
R0528,Horizonte,Norte,19.77,1,109,7,0,66.1,0,15.5
R0529,Aurora,Sur,16.04,0,179,5,1,81.0,2,20.4
R0530,Aurora,Poniente,19.59,1,120,6,0,55.1,0,13.7
R0531,Vertigo,Oriente,19.44,1,88,3,0,59.8,1,16.2
R0532,Vertigo,Poniente,20.9,0,195,4,0,87.1,1,18.1
R0533,Horizonte,Oriente,20.57,0,111,2,1,75.7,0,14.8
R0534,Aurora,Oriente,20.07,1,27,10,0,59.5,1,7.5
R0535,Horizonte,Poniente,17.25,0,70,8,0,68.1,1,6.9
R0536,Horizonte,Poniente,19.24,1,128,8,0,80.9,1,13.7
R0537,Aurora,Poniente,18.97,1,130,3,0,79.6,2,15.7
R0538,Vertigo,Oriente,19.84,1,117,8,0,79.3,1,12.0
R0539,Horizonte,Norte,18.61,1,207,9,0,75.4,1,22.7
R0540,Vertigo,Oriente,19.53,1,93,6,1,68.6,0,15.4
R0541,Vertigo,Norte,19.08,1,89,9,1,86.8,2,17.0
R0542,Aurora,Sur,20.06,1,186,7,0,67.3,1,21.6
R0543,Aurora,Poniente,20.83,0,90,3,0,81.9,2,11.8
R0544,Aurora,Poniente,18.03,1,57,2,0,59.1,1,13.4
R0545,Vertigo,Poniente,19.61,1,202,10,1,44.9,1,18.8
R0546,Vertigo,Norte,21.03,0,33,9,0,53.5,1,5.5
R0547,Vertigo,Sur,18.14,1,179,2,0,72.4,2,23.2
R0548,Vertigo,Sur,19.37,1,37,6,0,97.2,1,10.1
R0549,Horizonte,Poniente,16.07,0,189,10,0,88.7,0,14.5
R0550,Aurora,Poniente,21.7,0,53,2,1,67.4,0,15.1
R0551,Horizonte,Oriente,16.33,0,165,7,0,66.3,0,14.2
R0552,Vertigo,Poniente,21.27,0,54,2,0,61.5,0,9.2
R0553,Vertigo,Poniente,21.37,0,83,7,1,71.3,0,9.4
R0554,Aurora,Sur,20.65,0,163,5,0,70.5,1,14.1
R0555,Horizonte,Sur,20.95,0,55,8,0,85.1,0,7.3
R0556,Aurora,Norte,21.9,0,184,2,0,76.4,2,19.7
R0557,Horizonte,Sur,19.33,1,61,6,0,88.4,0,9.9
R0558,Aurora,Norte,20.75,0,85,9,0,78.9,0,6.2
R0559,Vertigo,Norte,19.26,1,130,7,0,64.9,0,16.4
R0560,Horizonte,Poniente,18.97,1,183,3,0,72.9,1,20.9
R0561,Vertigo,Oriente,20.81,0,127,2,1,78.8,1,17.6
R0562,Aurora,Sur,20.36,1,147,9,0,79.4,1,12.4
R0563,Vertigo,Norte,19.58,1,140,10,0,68.6,0,13.7
R0564,Vertigo,Oriente,17.37,0,196,8,0,76.3,0,18.0
R0565,Horizonte,Oriente,16.56,0,88,4,1,71.1,1,14.6
R0566,Aurora,Oriente,17.26,0,150,5,0,78.5,0,11.3
R0567,Aurora,Norte,16.68,0,201,6,1,69.4,1,22.2
R0568,Vertigo,Oriente,20.17,1,83,9,0,75.5,0,12.7
R0569,Horizonte,Oriente,21.54,0,106,9,0,82.8,0,9.1
R0570,Aurora,Sur,18.21,1,93,9,0,74.7,1,9.3
R0571,Horizonte,Poniente,20.61,0,70,4,0,65.3,1,7.7
R0572,Horizonte,Poniente,21.08,0,116,8,0,60.7,2,7.8
R0573,Vertigo,Poniente,20.9,0,51,9,0,60.0,1,4.8
R0574,Horizonte,Oriente,20.14,1,116,8,0,65.6,0,13.2
R0575,Vertigo,Norte,21.23,0,107,6,0,49.1,0,11.6
R0576,Vertigo,Poniente,21.15,0,71,2,0,54.2,0,9.3
R0577,Vertigo,Sur,21.32,0,135,9,1,80.4,1,14.9
R0578,Vertigo,Sur,19.86,1,199,3,0,80.9,0,20.0
R0579,Aurora,Poniente,16.71,0,181,4,0,70.8,0,16.4
R0580,Horizonte,Norte,20.77,0,131,3,0,63.3,1,13.9
R0581,Aurora,Oriente,17.01,0,198,8,1,79.4,0,20.0
R0582,Vertigo,Sur,18.46,1,41,8,1,65.8,1,8.8
R0583,Aurora,Norte,17.11,0,191,4,0,86.6,2,19.0
R0584,Aurora,Sur,18.37,1,81,3,0,67.2,2,16.2
R0585,Aurora,Poniente,17.46,0,49,3,0,79.5,0,8.4
R0586,Vertigo,Norte,21.87,0,104,2,0,73.2,0,9.8
R0587,Aurora,Oriente,17.18,0,114,6,0,78.0,1,12.7
R0588,Vertigo,Poniente,18.41,1,53,2,0,83.2,0,11.4
R0589,Vertigo,Poniente,17.71,0,21,5,0,78.8,0,3.7
R0590,Vertigo,Norte,19.53,1,79,10,0,63.5,2,13.3
R0591,Aurora,Sur,17.07,0,183,10,0,77.4,1,15.2
R0592,Horizonte,Poniente,19.4,1,31,9,0,95.9,1,7.2
R0593,Vertigo,Poniente,18.32,1,147,3,0,64.6,0,17.7
R0594,Vertigo,Oriente,19.38,1,34,2,0,71.8,0,11.8
R0595,Horizonte,Sur,21.04,0,71,6,1,62.3,0,12.5
R0596,Aurora,Oriente,22.0,0,47,3,0,89.6,0,10.6
R0597,Horizonte,Sur,18.44,1,89,7,0,53.2,3,12.0
R0598,Horizonte,Poniente,21.7,0,112,5,0,79.8,1,11.6
R0599,Aurora,Poniente,19.03,1,202,2,0,54.9,0,22.4
R0600,Aurora,Sur,17.87,0,139,7,0,75.4,0,12.1
